product_sku,product_name,product_price,product_link
06750003,Machete 20pulg T-460-20p 15886  Truper,4420,http://ferreteriasur.cl/machete-20pulg-t-460-20p-15886-truper.html
16220047,Einhell Esmeril Ang. 4 1/2 720w Te-ag 115 4430882,26000,http://ferreteriasur.cl/einhell-esmeril-ang-4-1-2-720w-te-ag-115-4430882.html
16220043,Einhell Sierra Caladora 400w Tc-js 60 4321117,24900,http://ferreteriasur.cl/einhell-sierra-caladora-400w-tc-js-60-4321117.html
16220042,Einhell Kit Tal 1010w C/acc. Tc-id1000 4259844,40150,http://ferreteriasur.cl/einhell-kit-tal-1010w-c-acc-tc-id1000-4259844.html
16220034,Einhell Herr Multiprop. Tc-mg 135  4419169,39990,http://ferreteriasur.cl/einhell-herr-multiprop-tc-mg-135-4419169.html
16220025,Einhell Taladro Elect. 13mm 550w Te-id550 4259610,32950,http://ferreteriasur.cl/einhell-taladro-elect-13mm-550w-te-id550-4259610.html
15780180,Sierra Copa Bahco 3830-25 25mm,7910,http://ferreteriasur.cl/sierra-copa-bahco-3830-25-25mm.html
15780147,Huincha Medir Ac.inox. 8 Mt.x 1 Bahco,13120,http://ferreteriasur.cl/huincha-medir-ac-inox-8-mt-x-1-bahco.html
11730175,Makita Sierra Circ. 7 1/4 1600w Hs7010k,123610,http://ferreteriasur.cl/makita-sierra-circ-7-1-4-1600w-hs7010k.html
11730173,Makita Disco Sierra 7 1/4 60 Dientes D-61466,8910,http://ferreteriasur.cl/makita-disco-sierra-7-1-4-60-dientes-d-61466.html
11730171,Makita Desbrozadora 2t 24.5cc Em2500u Cab/dis,140990,http://ferreteriasur.cl/makita-desbrozadora-2t-24-5cc-em2500u-cab-dis.html
11730145,Makita Broca Paleta 25mm X 150mm D-07783,2500,http://ferreteriasur.cl/makita-broca-paleta-25mm-x-150mm-d-07783.html
11730144,Makita Broca Paleta 3/4  X 150mm D-23999,2650,http://ferreteriasur.cl/makita-broca-paleta-3-4-x-150mm-d-23999.html
11730134,Makita Unidad Hoja Sierra Sable Mad. B-03030,6630,http://ferreteriasur.cl/makita-unidad-hoja-sierra-sable-mad-b-03030.html
11730126,Makita - Mt Esmeril Angular 4 1/2 M0901g,34900,http://ferreteriasur.cl/makita-mt-esmeril-angular-4-1-2-m0901g.html
11730112,Makita Broca Sds-plus 12x260mm Ut:200 D-00240,3300,http://ferreteriasur.cl/makita-broca-sds-plus-12x260mm-ut-200-d-00240.html
11730110,Makita Broca Sds-plus 10x260 Mm D-00197,2900,http://ferreteriasur.cl/makita-broca-sds-plus-10x260-mm-d-00197.html
11730109,Makita Broca Sds Plus 10x160mm Ut:100mm D-00175,2700,http://ferreteriasur.cl/makita-broca-sds-plus-10x160mm-ut-100mm-d-00175.html
11730108,Makita  Broca Sds-plus 8x210 Mm D-00147,2700,http://ferreteriasur.cl/makita-broca-sds-plus-8x210-mm-d-00147.html
11730107,Makita Broca Sds Plus 8 X160 Mm Ut:100 D-00131,2100,http://ferreteriasur.cl/makita-broca-sds-plus-8-x160-mm-ut-100-d-00131.html
11730106,Makita Broca Sds 6x160mm Ut:100mm D-00066,1800,http://ferreteriasur.cl/makita-broca-sds-6x160mm-ut-100mm-d-00066.html
11730093,Makita Disco 7 1/4 40 Dientes Eje 5/8  D-20688,7990,http://ferreteriasur.cl/makita-disco-7-1-4-40-dientes-eje-5-8-d-20688.html
11730088,Makita Disco Sierra 7 1/4 X 24 Dte Eje 5/8 D-03436,6660,http://ferreteriasur.cl/makita-disco-sierra-7-1-4-x-24-dte-eje-5-8-d-03436.html
11730083,Makita Taladro Percutor 16m/m Hp1630k,98630,http://ferreteriasur.cl/makita-taladro-percutor-16m-m-hp1630k.html
06020002,Hoja Sierra Sandflex # 3906-300-24-100,830,http://ferreteriasur.cl/hoja-sierra-sandflex-3906-300-24-100.html
16220284,Einhell Kit Talad Inal.18v 2 Bat 1.5ah 4513834,119900,http://ferreteriasur.cl/einhell-kit-talad-inal-18v-2-bat-1-5ah-4513834.html
16220271,Einhell Kit Taladro+esmeril Inal.te-tk 18 4257211,149900,http://ferreteriasur.cl/einhell-kit-taladro-esmeril-inal-te-tk-18-4257211.html
16220242,Einhell Pistola Calor Te-ha 2000e 4520195,44900,http://ferreteriasur.cl/einhell-pistola-calor-te-ha-2000e-4520195.html
08360013,Rastrillo P/hojas C/mango 22 D. Em-22 Truper 14322,4290,http://ferreteriasur.cl/rastrillo-p-hojas-c-mango-22-d-em-22-truper-14322.html
08820004,Serrucho Podar # 384-5t Bahco,17310,http://ferreteriasur.cl/serrucho-podar-384-5t-bahco.html
06500017,Platacho Hela Prof. Mad/rauli Pr4014 140x400x20mm,11000,http://ferreteriasur.cl/platacho-hela-prof-mad-rauli-pr4014-140x400x20mm.html
06500012,Llana Hela Ld280-8 Dentado 8mm Acero 280 X 130,8780,http://ferreteriasur.cl/llana-hela-ld280-8-dentado-8mm-acero-280-x-130.html
06500007,Llana Hela Rectangular L305 Acero 305 X 150,8990,http://ferreteriasur.cl/llana-hela-rectangular-l305-acero-305-x-150.html
06500006,Llana Hela Rectangular L280 Acero 280 X 130,8460,http://ferreteriasur.cl/llana-hela-rectangular-l280-acero-280-x-130.html
11730066,MT FRESADORA REBAJ. M3700 1/4   (MAKITA),63900,http://ferreteriasur.cl/mt-fresadora-rebaj-m3700-1-4-makita.html
11730065,Mt Cepillo Mkp082/m1902g 550w  (makita),89900,http://ferreteriasur.cl/mt-cepillo-mkp082-m1902g-550w-makita.html
11730044,Makita - Atornill C/male 80 Acc. 3.6v Df001dw,42990,http://ferreteriasur.cl/makita-atornill-c-male-80-acc-3-6v-df001dw.html
11730007,Makita - Esmeril  Angular 4 1/2 9557 Hpg,65820,http://ferreteriasur.cl/makita-esmeril-angular-4-1-2-9557-hpg.html
11730006,Makita - Esmeril Angular 4 1/2 840w 9557 Hng,69900,http://ferreteriasur.cl/makita-esmeril-angular-4-1-2-840w-9557-hng.html
11730003,Makita - Atornillador 1/4 570w Fs4000,97900,http://ferreteriasur.cl/makita-atornillador-1-4-570w-fs4000.html
11680016,Stanley Taladro Inalambrico 12 Volt Scd12s2k-b2c,89080,http://ferreteriasur.cl/stanley-taladro-inalambrico-12-volt-scd12s2k-b2c.html
11670012,Black  Decker Sierra Circ.1400w Cs1004,50420,http://ferreteriasur.cl/black-decker-sierra-circ-1400w-cs1004.html
11670006,Black  Decker Esmeril Angular 4 1/2 G720,26680,http://ferreteriasur.cl/black-decker-esmeril-angular-4-1-2-g720.html
11670004,Black  Decker Sierra Caladora Ks405/ks501-b2c,34660,http://ferreteriasur.cl/black-decker-sierra-caladora-ks405-ks501-b2c.html
11670003,Black  Decker Taladro Inalambrico Cd121k,49890,http://ferreteriasur.cl/black-decker-taladro-inalambrico-cd121k.html
16220182,Einhell Talad Inal. 18v Lit. C/bat 1.5 Ah 4513830,104900,http://ferreteriasur.cl/einhell-talad-inal-18v-lit-c-bat-1-5-ah-4513830.html
16220181,Einhell Kit Taladro 650w Tc-id 650 4258683,39900,http://ferreteriasur.cl/einhell-kit-taladro-650w-tc-id-650-4258683.html
16220129,Einhell Sierra Circ. 7 1/4 Th-cs 1600 4472056,49900,http://ferreteriasur.cl/einhell-sierra-circ-7-1-4-th-cs-1600-4472056.html
16220064,Einhell Fresadora Tupy Rt-ro 55 4350494,79900,http://ferreteriasur.cl/einhell-fresadora-tupy-rt-ro-55-4350494.html
16220048,Einhell Lijadora Excentrica Te-rs 40 E 4462000,42900,http://ferreteriasur.cl/einhell-lijadora-excentrica-te-rs-40-e-4462000.html
07050015,Martillo Carpintero M/fibra 428-20 Bahco,10140,http://ferreteriasur.cl/martillo-carpintero-m-fibra-428-20-bahco.html
09670004,Llave Angular Muro Cte. 1/2 X 1/2  Sin Flex.,2600,http://ferreteriasur.cl/llave-angular-muro-cte-1-2-x-1-2-sin-flex.html
01400064,Disco Corte Inoxidable Dewalt Dw44602 7 X 1.6mm,1360,http://ferreteriasur.cl/disco-corte-inoxidable-dewalt-dw44602-7-x-1-6mm.html
01400061,Dewalt Atorn. Inal. 12v 2bat. Lith Dcd700c2,105200,http://ferreteriasur.cl/dewalt-atorn-inal-12v-2bat-lith-dcd700c2.html
01400026,Dewalt Disco Sierra 7 1/4 X 36 Dientes Dw 3176,18080,http://ferreteriasur.cl/dewalt-disco-sierra-7-1-4-x-36-dientes-dw-3176.html
01400025,Dewalt Disco Sierra 7 1/4 X 24 Dientes Dw 3178,14520,http://ferreteriasur.cl/dewalt-disco-sierra-7-1-4-x-24-dientes-dw-3178.html
04120006,Escobilla Acero Hela Recta # 1a,3120,http://ferreteriasur.cl/escobilla-acero-hela-recta-1a.html
04120002,Escobilla Acero Hela/estampa  4-c  C/mango,2380,http://ferreteriasur.cl/escobilla-acero-hela-estampa-4-c-c-mango.html
01660015,Adaptador Magnetico P/tornillo Autop. 1/4 X 5/16,1480,http://ferreteriasur.cl/adaptador-magnetico-p-tornillo-autop-1-4-x-5-16.html
14260004,Broca H.s.s. Helicoidal Irwin 4mm X 75mm Iw1234,670,http://ferreteriasur.cl/broca-h-s-s-helicoidal-irwin-4mm-x-75mm-iw1234.html
07370001,Palangana Plastica P/pintura Grande,1400,http://ferreteriasur.cl/palangana-plastica-p-pintura-grande.html
07360012,Pala Punta Huevo C/mango Pph-p 17165 Truper,9870,http://ferreteriasur.cl/pala-punta-huevo-c-mango-pph-p-17165-truper.html
05160017,Escuadra Carpintera Falsa Truper Eft-8  14382,3540,http://ferreteriasur.cl/escuadra-carpintera-falsa-truper-eft-8-14382.html
01400004,Dewalt Esmeril Angula 4 1/2 700w Dwe4010,45830,http://ferreteriasur.cl/dewalt-esmeril-angula-4-1-2-700w-dwe4010.html
30000049,Makita Sierra Circular 5007nk 1800w.,119900,http://ferreteriasur.cl/makita-sierra-circular-5007nk-1800w.html
04050001,Chuzo 1 1/8 X 1.60 Mts.,13650,http://ferreteriasur.cl/chuzo-1-1-8-x-1-60-mts.html
06420003,Lima Motosierra 3/16 Nicholson,1700,http://ferreteriasur.cl/lima-motosierra-3-16-nicholson.html
06410005,Lima Mill Bastard 10 4-138-10-1-2 Bahco,8300,http://ferreteriasur.cl/lima-mill-bastard-10-4-138-10-1-2-bahco.html
06410004,Lima Mill Bastard 8 4-138-08-1-2 Bahco,6930,http://ferreteriasur.cl/lima-mill-bastard-8-4-138-08-1-2-bahco.html
06750006,Machete 22 T-460-22p 15887  Truper,4420,http://ferreteriasur.cl/machete-22-t-460-22p-15887-truper.html
06700014,Llave Stillson 12 Ysp012 Uyustools,7410,http://ferreteriasur.cl/llave-stillson-12-ysp012-uyustools.html
04460025,Combo C/mango 10 Lb.md-10m Truper 16512,23610,http://ferreteriasur.cl/combo-c-mango-10-lb-md-10m-truper-16512.html
04460023,Combo C/mango 6 Lb.md-6m Truper 16509,15670,http://ferreteriasur.cl/combo-c-mango-6-lb-md-6m-truper-16509.html
04460022,Combo C/mango 4 Lb. Md-4mtruper 16508,9620,http://ferreteriasur.cl/combo-c-mango-4-lb-md-4mtruper-16508.html
06640001,Llave Tuerca Lavatorio China-factix,7570,http://ferreteriasur.cl/llave-tuerca-lavatorio-china-factix.html
02300008,Marco Sierra Mecanico Cromado Att-12 10234 Truper,7940,http://ferreteriasur.cl/marco-sierra-mecanico-cromado-att-12-10234-truper.html
02300007,Marco Sierra Mecanico Uyustool Mcf012 12,3630,http://ferreteriasur.cl/marco-sierra-mecanico-uyustool-mcf012-12.html
02300002,Marco Sierra Mecanico Tubular Mcd002 12`` Uyustool,5010,http://ferreteriasur.cl/marco-sierra-mecanico-tubular-mcd002-12-uyustool.html
02300001,Marco Sierra Mecanico # 317/317-10p-disp-prom Bahc,10040,http://ferreteriasur.cl/marco-sierra-mecanico-317-317-10p-disp-prom-bahc.html
15780241,Atornillador Cruz Bahcofit Ph2 X 125 B192.002.125,3050,http://ferreteriasur.cl/atornillador-cruz-bahcofit-ph2-x-125-b192-002-125.html
15780207,Tijera Aviacion Bahco Recta Ma421 10,11140,http://ferreteriasur.cl/tijera-aviacion-bahco-recta-ma421-10.html
15780194,Sierra Copa Bahco 3830-76 76mm,13630,http://ferreteriasur.cl/sierra-copa-bahco-3830-76-76mm.html
15780191,Sierra Copa Bahco 3830-54 54mm,11340,http://ferreteriasur.cl/sierra-copa-bahco-3830-54-54mm.html
15780190,Sierra Copa Bahco 3830-51 51mm,10200,http://ferreteriasur.cl/sierra-copa-bahco-3830-51-51mm.html
03130014,Broca P/concreto 8 Mm,1620,http://ferreteriasur.cl/broca-p-concreto-8-mm.html
03130012,Broca P/concreto 6 Mm,1180,http://ferreteriasur.cl/broca-p-concreto-6-mm.html
03130011,Broca P/concreto 5 Mm,1020,http://ferreteriasur.cl/broca-p-concreto-5-mm.html
03130001,Broca P/concreto 10 Mm,2100,http://ferreteriasur.cl/broca-p-concreto-10-mm.html
03060029,Broca H.s.s. 8 Mm,1830,http://ferreteriasur.cl/broca-h-s-s-8-mm.html
03060026,Broca H.s.s. 6.5 Mm,1310,http://ferreteriasur.cl/broca-h-s-s-6-5-mm.html
03060025,Broca H.s.s. 6 Mm,1070,http://ferreteriasur.cl/broca-h-s-s-6-mm.html
03060023,Broca H.s.s. 5 Mm,820,http://ferreteriasur.cl/broca-h-s-s-5-mm.html
03060022,Broca H.s.s. 4.5 Mm,720,http://ferreteriasur.cl/broca-h-s-s-4-5-mm.html
03060021,Broca H.s.s. 4 Mm,640,http://ferreteriasur.cl/broca-h-s-s-4-mm.html
03060020,Broca H.s.s. 3.5 Mm,600,http://ferreteriasur.cl/broca-h-s-s-3-5-mm.html
03060019,Broca H.s.s. 3 Mm,510,http://ferreteriasur.cl/broca-h-s-s-3-mm.html
03060009,Broca H.s.s. 13 Mm,5470,http://ferreteriasur.cl/broca-h-s-s-13-mm.html
03060007,Broca H.s.s. 12 Mm,4840,http://ferreteriasur.cl/broca-h-s-s-12-mm.html
03060003,Broca H.s.s. 10 Mm,2950,http://ferreteriasur.cl/broca-h-s-s-10-mm.html
03040002,Broca P/bisagra Desplazable 26 Mm,3680,http://ferreteriasur.cl/broca-p-bisagra-desplazable-26-mm.html
03040001,Broca P/bisagra Desplazable 35 Mm,4650,http://ferreteriasur.cl/broca-p-bisagra-desplazable-35-mm.html
16220045,Einhell Sierra Circ. 1300w Tc-cs1300 4331019,36370,http://ferreteriasur.cl/einhell-sierra-circ-1300w-tc-cs1300-4331019.html
16220026,Einhell Taladro Perc. 13mm Tc-id 710 4259761,23990,http://ferreteriasur.cl/einhell-taladro-perc-13mm-tc-id-710-4259761.html
16220008,Einhell Carro Carga Alum. Pleg.260112(3) Bt-ht,19990,http://ferreteriasur.cl/einhell-carro-carga-alum-pleg-260112-3-bt-ht.html
15780184,Sierra Copa Bahco 3830-32 32mm,7910,http://ferreteriasur.cl/sierra-copa-bahco-3830-32-32mm.html
15780178,Sierra Copa Bahco 3830-22 22 Mm,6760,http://ferreteriasur.cl/sierra-copa-bahco-3830-22-22-mm.html
15780177,Sierra Copa Bahco 3830-21 21 Mm,6760,http://ferreteriasur.cl/sierra-copa-bahco-3830-21-21-mm.html
15780176,Sierra Copa Bahco 3830-19 19 Mm,6760,http://ferreteriasur.cl/sierra-copa-bahco-3830-19-19-mm.html
15780170,Lima Plana C/mango 6 1-100-06-2-2 Bahco,5170,http://ferreteriasur.cl/lima-plana-c-mango-6-1-100-06-2-2-bahco.html
15780133,Serrucho Carpintero Barracuda 244p-22-u7-hp Bahco,6550,http://ferreteriasur.cl/serrucho-carpintero-barracuda-244p-22-u7-hp-bahco.html
15780117,Serrucho Carpint.die.tem.np-19-u7/8-hp19 Bahco,15310,http://ferreteriasur.cl/serrucho-carpint-die-tem-np-19-u7-8-hp19-bahco.html
11730174,Makita Disco Corte 14,3990,http://ferreteriasur.cl/makita-disco-corte-14.html
11730165,Makita Disco Sierra 7 1/4 X 40d D-51356,13450,http://ferreteriasur.cl/makita-disco-sierra-7-1-4-x-40d-d-51356.html
11730158,Makita Set 5 Sierra Calar Mad. B-10 A-85628,5500,http://ferreteriasur.cl/makita-set-5-sierra-calar-mad-b-10-a-85628.html
11730123,Makita Ultra Mag Porta Punta 79 Mm B-28531,9130,http://ferreteriasur.cl/makita-ultra-mag-porta-punta-79-mm-b-28531.html
11730122,Makita Punta Imp. Gold Ph2 50mm B-28307,6300,http://ferreteriasur.cl/makita-punta-imp-gold-ph2-50mm-b-28307.html
11730121,Makita Punta De Tor. Imp. Gold Ph2 25 Mm B-28335,2900,http://ferreteriasur.cl/makita-punta-de-tor-imp-gold-ph2-25-mm-b-28335.html
11730114,Makita Broca Sds-plus 16x310mm Ut:250mm D-00309,6100,http://ferreteriasur.cl/makita-broca-sds-plus-16x310mm-ut-250mm-d-00309.html
11730111,Makita Broca Sds-plus 12x210mm D-00234,2900,http://ferreteriasur.cl/makita-broca-sds-plus-12x210mm-d-00234.html
11730101,Makita Disco. Diam 4 1/5 Continuo D-36837,5850,http://ferreteriasur.cl/makita-disco-diam-4-1-5-continuo-d-36837.html
12260020,Broca Sds Plus 6 Mm X 160 X 100 Mm Util,3490,http://ferreteriasur.cl/broca-sds-plus-6-mm-x-160-x-100-mm-util.html
12260013,Broca Sds Plus 6 Mm X 210 X 150 Mm  Util,5340,http://ferreteriasur.cl/broca-sds-plus-6-mm-x-210-x-150-mm-util.html
12260009,Broca Sds Plus 10 Mm X 310 X 250 Mm Util,11130,http://ferreteriasur.cl/broca-sds-plus-10-mm-x-310-x-250-mm-util.html
12190012,Juego Broca Larga P/madera Bcm 304 3pz.x400mm Uyus,6100,http://ferreteriasur.cl/juego-broca-larga-p-madera-bcm-304-3pz-x400mm-uyus.html
12190010,Juego Broca Larga P/madera Bcm303 3 Pzx300mm Uyust,3820,http://ferreteriasur.cl/juego-broca-larga-p-madera-bcm303-3-pzx300mm-uyust.html
12130008,Juego Gratas P/taladro Uyus 3 Pcs. Red.ebr301,1960,http://ferreteriasur.cl/juego-gratas-p-taladro-uyus-3-pcs-red-ebr301.html
06080007,Huincha Medir Fibra Vidrio C/arco China 50 Mts,7280,http://ferreteriasur.cl/huincha-medir-fibra-vidrio-c-arco-china-50-mts.html
05960028,Hacha Casco C/mango 5,25300,http://ferreteriasur.cl/hacha-casco-c-mango-5.html
05960017,Hacha Casco C/mango 4 1/2,19000,http://ferreteriasur.cl/hacha-casco-c-mango-4-1-2.html
05960016,Uyustools Hacha Mango Fibra 2000g Hau20f,14180,http://ferreteriasur.cl/uyustools-hacha-mango-fibra-2000g-hau20f.html
08360015,Rastrillo P/hojas Plas.truper Ep-22r C/mang. 19786,4810,http://ferreteriasur.cl/rastrillo-p-hojas-plas-truper-ep-22r-c-mang-19786.html
08360014,Rastrillo P/hoja C/mango 22 D. Emx-22 Truper 14328,5890,http://ferreteriasur.cl/rastrillo-p-hoja-c-mango-22-d-emx-22-truper-14328.html
08360011,Rastrillo P/hojas Fijo Famastil S/mango #600-002,3330,http://ferreteriasur.cl/rastrillo-p-hojas-fijo-famastil-s-mango-600-002.html
08360010,Rastrillo P/hojas Fijo Famastil C/mango # 600-001,5080,http://ferreteriasur.cl/rastrillo-p-hojas-fijo-famastil-c-mango-600-001.html
05960005,Hacha Truper 4 1/2 Lbs. C/mango Ml-4 /2m #14974,13120,http://ferreteriasur.cl/hacha-truper-4-1-2-lbs-c-mango-ml-4-2m-14974.html
05960004,Hacha Mano Truper Hc1-1/4f # 14951 700 Gr.,6960,http://ferreteriasur.cl/hacha-mano-truper-hc1-1-4f-14951-700-gr.html
05960002,Hacha Casco 4 1/2 Lbs.,16090,http://ferreteriasur.cl/hacha-casco-4-1-2-lbs.html
05960001,Hacha Mano M/fibra Hau80f 800 Gr Uyustools,9060,http://ferreteriasur.cl/hacha-mano-m-fibra-hau80f-800-gr-uyustools.html
08870004,Sierra Copa Y Broca Uyust. P/inst.cerrad. Seo201,4950,http://ferreteriasur.cl/sierra-copa-y-broca-uyust-p-inst-cerrad-seo201.html
08860058,Sierra Circular Hoja 7 1/4 X 24 D.truper,6650,http://ferreteriasur.cl/sierra-circular-hoja-7-1-4-x-24-d-truper.html
08860025,"Disco Sierra Circ. Uyustools 4,5 X 40d Dma117 U",3210,http://ferreteriasur.cl/disco-sierra-circ-uyustools-4-5-x-40d-dma117-u.html
08860024,"Disco Sierra Circ. Uyustools 4,5 X 24d Dma116 U",2390,http://ferreteriasur.cl/disco-sierra-circ-uyustools-4-5-x-24d-dma116-u.html
08860021,Sierra Circular Hoja C.t.c. 740 7 1/4 Bahco,6760,http://ferreteriasur.cl/sierra-circular-hoja-c-t-c-740-7-1-4-bahco.html
08860020,Sierra Circular Hoja C.t.c. 724 7 1/4 Bahco,5800,http://ferreteriasur.cl/sierra-circular-hoja-c-t-c-724-7-1-4-bahco.html
08860018,Sierra Circular Hoja 10 X 60 Dte.dma610 Uyustoo,10250,http://ferreteriasur.cl/sierra-circular-hoja-10-x-60-dte-dma610-uyustoo.html
08860017,Sierra Circular Hoja 10 X 40 Dte.dma410 Uyustoo,10320,http://ferreteriasur.cl/sierra-circular-hoja-10-x-40-dte-dma410-uyustoo.html
08860016,Sierra Circular Hoja 7 1/4 X 60 Dt.dmd760 Uyustoo,9090,http://ferreteriasur.cl/sierra-circular-hoja-7-1-4-x-60-dt-dmd760-uyustoo.html
08860015,Sierra Circular Hoja 7 1/4 X 24 Dte Dmd724 Uyusto,3060,http://ferreteriasur.cl/sierra-circular-hoja-7-1-4-x-24-dte-dmd724-uyusto.html
08860014,Sierra Circular Hoja 7 1/4 X 40 Dte.dmd740 Uyusto,5080,http://ferreteriasur.cl/sierra-circular-hoja-7-1-4-x-40-dte-dmd740-uyusto.html
08820001,Serrucho Podar 16`` Stp16x Truper  18179,5650,http://ferreteriasur.cl/serrucho-podar-16-stp16x-truper-18179.html
08810011,Serrucho Costilla 12 Bahco,9720,http://ferreteriasur.cl/serrucho-costilla-12-bahco.html
08810001,Serrucho Costilla Uyustool C/ Inglete Srb312,7890,http://ferreteriasur.cl/serrucho-costilla-uyustool-c-inglete-srb312.html
06560002,Llave Collar 3/4,11150,http://ferreteriasur.cl/llave-collar-3-4.html
06560001,Llave Collar 1/2,5880,http://ferreteriasur.cl/llave-collar-1-2.html
06510022,Llave Ajustable Amarilla 12 Yfp012 Uyustools,7060,http://ferreteriasur.cl/llave-ajustable-amarilla-12-yfp012-uyustools.html
06510021,Llave Ajustable Amarilla 10 Yfp010 Uyustools,6640,http://ferreteriasur.cl/llave-ajustable-amarilla-10-yfp010-uyustools.html
06510020,Llave Ajustable Amarilla 8 Yfp008 Uyustools,3070,http://ferreteriasur.cl/llave-ajustable-amarilla-8-yfp008-uyustools.html
06510019,Llave Ajustable Amarilla 6 Yfp006 Uyustools,2560,http://ferreteriasur.cl/llave-ajustable-amarilla-6-yfp006-uyustools.html
06500019,Platacho Hela  Madera Pino 115 X 350 X 20mm,6400,http://ferreteriasur.cl/platacho-hela-madera-pino-115-x-350-x-20mm.html
06500018,Platacho Hela Madera Pino 115 X 250 X 20mm,5940,http://ferreteriasur.cl/platacho-hela-madera-pino-115-x-250-x-20mm.html
06500013,Llana Hela Ld280-10 Dentado 10mm Acero 280 X 125,8780,http://ferreteriasur.cl/llana-hela-ld280-10-dentado-10mm-acero-280-x-125.html
06500011,Llana Hela Ld280-5 Dentado 5mm Acero 280 X 130,8780,http://ferreteriasur.cl/llana-hela-ld280-5-dentado-5mm-acero-280-x-130.html
03360032,Caja Herramientas 16 Cha-16n 19790 Truper,8570,http://ferreteriasur.cl/caja-herramientas-16-cha-16n-19790-truper.html
03360024,Caja Herramientas 20  Chp-20x 10380 Truper,13460,http://ferreteriasur.cl/caja-herramientas-20-chp-20x-10380-truper.html
03340002,Caiman 10  Alm210 Uyustools / Makawa,4840,http://ferreteriasur.cl/caiman-10-alm210-uyustools-makawa.html
02020017,Alicate Punta Uyustools Alp6d15  6,3120,http://ferreteriasur.cl/alicate-punta-uyustools-alp6d15-6.html
02010011,Alicate 7 Universal  Alu207 Uyustools,4780,http://ferreteriasur.cl/alicate-7-universal-alu207-uyustools.html
02010008,Alicate 8 Universal  Alu 208 Uyustools,5280,http://ferreteriasur.cl/alicate-8-universal-alu-208-uyustools.html
01990004,Alicate 10 Bomba Agua  All210 Uyustools,5300,http://ferreteriasur.cl/alicate-10-bomba-agua-all210-uyustools.html
02430004,Atorn. Electrico Busca Polo 140 Mm,900,http://ferreteriasur.cl/atorn-electrico-busca-polo-140-mm.html
02430003,Atorn. Electrico Busca Polo 190 Mm,1310,http://ferreteriasur.cl/atorn-electrico-busca-polo-190-mm.html
15780030,Lima Plana C/mango 10 1-100-10-2-2 Bahco,7380,http://ferreteriasur.cl/lima-plana-c-mango-10-1-100-10-2-2-bahco.html
15780029,Lima Plana C/mango 8 1-100-08-2-2 Bahco,5810,http://ferreteriasur.cl/lima-plana-c-mango-8-1-100-08-2-2-bahco.html
15780012,Serrucho Carpintero Die.tem.np-16-u7/8h-16 Bahco,13600,http://ferreteriasur.cl/serrucho-carpintero-die-tem-np-16-u7-8h-16-bahco.html
15780010,Alicate Universal 2678g-200 A 8 Bahco,10600,http://ferreteriasur.cl/alicate-universal-2678g-200-a-8-bahco.html
15780264,Set Serrucho Bahco Np-19 + Huincha Medir Mtg-5,7890,http://ferreteriasur.cl/set-serrucho-bahco-np-19-huincha-medir-mtg-5.html
11870011,Broca H.s.s Cobalto 3 Mm,1280,http://ferreteriasur.cl/broca-h-s-s-cobalto-3-mm.html
11870009,Broca H.s.s Cobalto 10 Mm,6860,http://ferreteriasur.cl/broca-h-s-s-cobalto-10-mm.html
11870007,Broca H.s.s Cobalto 8 Mm,4430,http://ferreteriasur.cl/broca-h-s-s-cobalto-8-mm.html
11870006,Broca H.s.s Cobalto 7 Mm,3310,http://ferreteriasur.cl/broca-h-s-s-cobalto-7-mm.html
11870005,Broca H.s.s Cobalto 6 Mm,2460,http://ferreteriasur.cl/broca-h-s-s-cobalto-6-mm.html
11670046,Black  Decker Lijadora Orbital Cd450,30930,http://ferreteriasur.cl/black-decker-lijadora-orbital-cd450.html
11870004,Broca H.s.s Cobalto 5 Mm,2090,http://ferreteriasur.cl/broca-h-s-s-cobalto-5-mm.html
11870003,Broca H.s.s Cobalto 4.5 Mm,1740,http://ferreteriasur.cl/broca-h-s-s-cobalto-4-5-mm.html
11870002,Broca H.s.s Cobalto 4 Mm,1530,http://ferreteriasur.cl/broca-h-s-s-cobalto-4-mm.html
11870001,Broca H.s.s Cobalto 3.5 Mm,1440,http://ferreteriasur.cl/broca-h-s-s-cobalto-3-5-mm.html
08270001,Prensa Toma Tierra Electrica 5/8,1050,http://ferreteriasur.cl/prensa-toma-tierra-electrica-5-8.html
08250025,Prensa Carpintera Rapida Tolsen 12 10204,5060,http://ferreteriasur.cl/prensa-carpintera-rapida-tolsen-12-10204.html
08250024,Prensa Carpintera Rapida Tolsen 6 10201,4470,http://ferreteriasur.cl/prensa-carpintera-rapida-tolsen-6-10201.html
08180018,Portaherramienta Cuero Doble De 14 Compartimiento,7610,http://ferreteriasur.cl/portaherramienta-cuero-doble-de-14-compartimiento.html
05860055,Grata Copa Trenzada 5 Ebc105  Uyustools,5850,http://ferreteriasur.cl/grata-copa-trenzada-5-ebc105-uyustools.html
05860054,Grata Copa Trenzada 4 Ebc104 Uyustools,4300,http://ferreteriasur.cl/grata-copa-trenzada-4-ebc104-uyustools.html
05860053,Grata Copa Trenzada 3 Ebc103 Uyustools,3270,http://ferreteriasur.cl/grata-copa-trenzada-3-ebc103-uyustools.html
05860051,Grata Copa Conica 4 9251 Ebc004 Uyustools,3240,http://ferreteriasur.cl/grata-copa-conica-4-9251-ebc004-uyustools.html
05860050,Grata Copa Conica 3 9251 Ebc003 Uyustools,2630,http://ferreteriasur.cl/grata-copa-conica-3-9251-ebc003-uyustools.html
16220213,Einhell Pistola Pintar Elec.700w 4260020 4260021,59900,http://ferreteriasur.cl/einhell-pistola-pintar-elec-700w-4260020-4260021.html
16220130,Einhell Set 6 Hojas Sierra Calar 49625620,9990,http://ferreteriasur.cl/einhell-set-6-hojas-sierra-calar-49625620.html
16220128,Einhell Sierra Banco 10 Tc-ts 2025 4340490,124900,http://ferreteriasur.cl/einhell-sierra-banco-10-tc-ts-2025-4340540.html
16220121,Einhell Hoja P/sierra Huincha Th-sb200 4506156,5290,http://ferreteriasur.cl/einhell-hoja-p-sierra-huincha-th-sb200-4506156.html
16220103,Einhell Tal. Inal. 2 Bat/18v 60nm Te-cd 18 4513861,154900,http://ferreteriasur.cl/einhell-tal-inal-2-bat-18v-60nm-te-cd-18-4513861.html
16220060,Einhell Inglet. Dual 8 1800w Tc-sm 2131 4300380,124900,http://ferreteriasur.cl/einhell-inglet-dual-8-1800w-tc-sm-2131-4300835.html
12530022,Disco Lija Velcro 5 # 240,290,http://ferreteriasur.cl/disco-lija-velcro-5-240.html
12530020,Disco Lija Velcro 5 # 180,290,http://ferreteriasur.cl/disco-lija-velcro-5-180.html
12530019,Disco Lija Velcro 5 # 150,290,http://ferreteriasur.cl/disco-lija-velcro-5-150.html
12530018,Disco Lija Velcro 5 # 120,290,http://ferreteriasur.cl/disco-lija-velcro-5-120.html
12530017,Disco Lija Velcro 5 # 100,290,http://ferreteriasur.cl/disco-lija-velcro-5-100.html
12530016,Disco Lija Velcro 5 # 80,290,http://ferreteriasur.cl/disco-lija-velcro-5-80.html
12530015,Disco Lija Velcro 5 # 60,290,http://ferreteriasur.cl/disco-lija-velcro-5-60.html
12530014,Disco Lija Velcro 5 # 40,290,http://ferreteriasur.cl/disco-lija-velcro-5-40.html
12530013,Disco Lija 4 1/2 Gr. 120,580,http://ferreteriasur.cl/disco-lija-4-1-2-gr-120.html
12530006,Disco Lija 4  1/2 Gr. 100,560,http://ferreteriasur.cl/disco-lija-4-1-2-gr-100.html
12530005,Disco Lija 4 1/2 Gr. 80,560,http://ferreteriasur.cl/disco-lija-4-1-2-gr-80.html
12530004,Disco Lija 4 1/2 Gr. 60,680,http://ferreteriasur.cl/disco-lija-4-1-2-gr-60.html
12530002,Disco Lija 4 1/2 Gr. 36,690,http://ferreteriasur.cl/disco-lija-4-1-2-gr-36.html
12530001,Disco Lija 4 1/2 Gr. 24,730,http://ferreteriasur.cl/disco-lija-4-1-2-gr-24.html
06080058,Huincha Medir 10 Mts Flg010 Uyustools,4630,http://ferreteriasur.cl/huincha-medir-10-mts-flg010-uyustools.html
06080047,Huincha Medir 10 Mts Knight,8140,http://ferreteriasur.cl/huincha-medir-10-mts-knight.html
06080046,Huincha Medir 7.5 Mts Knight,5480,http://ferreteriasur.cl/huincha-medir-7-5-mts-knight.html
06080045,Huincha Medir 5 Mts Knight,3240,http://ferreteriasur.cl/huincha-medir-5-mts-knight.html
06080037,Huincha Medir 7.5 Mts  Flg075 Uyustools,4050,http://ferreteriasur.cl/huincha-medir-7-5-mts-flg075-uyustools.html
06080028,Huincha Medir 5 Mts Flg519  Uyustools,2020,http://ferreteriasur.cl/huincha-medir-5-mts-flg519-uyustools.html
06450007,Lima Triangular Slim Taper 4-186-04-2-2 4 Bahco,3920,http://ferreteriasur.cl/lima-triangular-slim-taper-4-186-04-2-2-4-bahco.html
06430015,Lima Plana Fina 8 Bellota,5150,http://ferreteriasur.cl/lima-plana-fina-8-bellota.html
13850003,Tijeron P/podar T-122e Truper 18381,13540,http://ferreteriasur.cl/tijeron-p-podar-t-122e-truper-18381.html
13710001,Escalines Galvanizado 3/4,4310,http://ferreteriasur.cl/escalines-galvanizado-3-4.html
17000044,Aceite Cadena Stihl Biodegr 1000 Cc 7804638310110,4800,http://ferreteriasur.cl/aceite-cadena-stihl-biodegr-1000-cc-7804638310110.html
17000042,Aceite Mezcla Stihl 2t 1000cc  7804638310073,5910,http://ferreteriasur.cl/aceite-mezcla-stihl-2t-1000cc-7804638310073.html
17000041,Aceite Mezcla Stihl 2t 500cc  784638310066,3450,http://ferreteriasur.cl/aceite-mezcla-stihl-2t-500cc-784638310066.html
10640002,Juego Atorn.golpe Deg604 6 Pzas. Uyustools,7380,http://ferreteriasur.cl/juego-atorn-golpe-deg604-6-pzas-uyustools.html
10640001,Juego Atorn. Ded602 6 Pz. Uyustools,5640,http://ferreteriasur.cl/juego-atorn-ded602-6-pz-uyustools.html
09360004,Aceite 2 Tiempos Lubetrack 1:50 1 Lt,3270,http://ferreteriasur.cl/aceite-2-tiempos-lubetrack-1-50-1-lt.html
17000040,Aceite Mezcla Stihl 2t 250cc  7804638310059,2720,http://ferreteriasur.cl/aceite-mezcla-stihl-2t-250cc-7804638310059.html
17000039,Aceite Mezcla Stihl 2t 125cc 7804638310035,2100,http://ferreteriasur.cl/aceite-mezcla-stihl-2t-125cc-7804638310035.html
17000038,Aceite Mezcla Stihl 2t 50cc   784638310042,1140,http://ferreteriasur.cl/aceite-mezcla-stihl-2t-50cc-784638310042.html
14860006,Broca P/ceramica Y Vidrio 10 Mm,5180,http://ferreteriasur.cl/broca-p-ceramica-y-vidrio-10-mm.html
14860005,Broca P/ceramica Y Vidrio 8 Mm,4210,http://ferreteriasur.cl/broca-p-ceramica-y-vidrio-8-mm.html
14860004,Broca P/ceramica Y Vidrio 6 Mm,3500,http://ferreteriasur.cl/broca-p-ceramica-y-vidrio-6-mm.html
14860003,Broca P/ceramica Y Vidrio 5 Mm,3410,http://ferreteriasur.cl/broca-p-ceramica-y-vidrio-5-mm.html
10740067,Maquina Soldar Indurac 150 Pro + Esmeril 4 1/2,199990,http://ferreteriasur.cl/maquina-soldar-indurac-150-pro-esmeril-4-1-2.html
07050024,Martillo Carpintero Uyustool Mgo.fibra 29mm Ma29fb,8570,http://ferreteriasur.cl/martillo-carpintero-uyustool-mgo-fibra-29mm-ma29fb.html
07050019,Martillo Carpintero M/madera 20 Mm Famastil,4870,http://ferreteriasur.cl/martillo-carpintero-m-madera-20-mm-famastil.html
07050016,Martillo Carpintero M/metal 429-20 Bahco,12290,http://ferreteriasur.cl/martillo-carpintero-m-metal-429-20-bahco.html
07050013,Martillo Carpintero M/madera29 Mm Famastil,6010,http://ferreteriasur.cl/martillo-carpintero-m-madera29-mm-famastil.html
07050006,Martillo Carp. 29mm M/fibra Ferrawy-makawa,5910,http://ferreteriasur.cl/martillo-carp-29mm-m-fibra-ferrawy-makawa.html
07050003,Martillo Carpintero Chino (makawa) M/madera 29 Mm,5690,http://ferreteriasur.cl/martillo-carpintero-chino-makawa-m-madera-29-mm.html
07320034,Nivel C/iman 40  Nii040 Uyustools,6900,http://ferreteriasur.cl/nivel-c-iman-40-nii040-uyustools.html
07320033,Nivel C/iman 24  Nii024 Uyustools,5250,http://ferreteriasur.cl/nivel-c-iman-24-nii024-uyustools.html
05140004,Escuadra Estante 8 X 10,730,http://ferreteriasur.cl/escuadra-estante-8-x-10.html
05140003,Escuadra Estante 6 X 8,510,http://ferreteriasur.cl/escuadra-estante-6-x-8.html
05140002,Escuadra Estante 5 X 6,330,http://ferreteriasur.cl/escuadra-estante-5-x-6.html
05120009,Escobillon Estrella # 75,2290,http://ferreteriasur.cl/escobillon-estrella-75.html
05120008,Escobillon Plastico Gladiador Mts,1520,http://ferreteriasur.cl/escobillon-plastico-gladiador-mts.html
05120007,Escobillon Municipal Soesco S/mango # 105,3520,http://ferreteriasur.cl/escobillon-municipal-soesco-s-mango-105.html
05120004,Escobillon Municipal # 101,7970,http://ferreteriasur.cl/escobillon-municipal-101.html
05120001,Escobillon Virutex C/mango Reciclado 1101113,2210,http://ferreteriasur.cl/escobillon-virutex-c-mango-reciclado-1101113.html
05090051,"Escalera Aluminio Multiuso Pro Ramp Ea12  3,6 Mt",47990,http://ferreteriasur.cl/escalera-aluminio-multiuso-pro-ramp-ea12-3-6-mt.html
05090050,"Escalera Aluminio Multiuso Pro Ramp Ea16 4,6 Mt.",66710,http://ferreteriasur.cl/escalera-aluminio-multiuso-pro-ramp-ea16-4-6-mt.html
15570114,Disco Corte Bosch 3mm X 9 #2608603168,2440,http://ferreteriasur.cl/disco-corte-bosch-3mm-x-9-2608603168.html
15570033,Bosch Disco Sierra 254 X 30mm X 40d,17020,http://ferreteriasur.cl/bosch-disco-sierra-254-x-30mm-x-40d.html
15570032,Bosch Disco Sierra Eco 7 1/4 60 Dtes 2608644331,10040,http://ferreteriasur.cl/bosch-disco-sierra-eco-7-1-4-60-dtes-2608644331.html
15570031,Bosch Disco Sierra Eco 7 1/4 40 Dtes 2608644330,8290,http://ferreteriasur.cl/bosch-disco-sierra-eco-7-1-4-40-dtes-2608644330.html
15570030,Bosch Disco Sierra Eco 7 1/4 24 Dtes 2608644329,6220,http://ferreteriasur.cl/bosch-disco-sierra-eco-7-1-4-24-dtes-2608644329.html
15570008,Bosch Sierra Circular 7 1/4gks 190 1400w,69900,http://ferreteriasur.cl/bosch-sierra-circular-7-1-4gks-190-1400w.html
04950019,Disco Desbas.diam. Uyus P/concreto 115 Mm  Ddp115,10070,http://ferreteriasur.cl/disco-desbas-diam-uyus-p-concreto-115-mm-ddp115.html
09740091,Tijera Aviacion Corte Recto Truper Tav-r #18531,7020,http://ferreteriasur.cl/tijera-aviacion-corte-recto-truper-tav-r-18531.html
09740090,Tijera Podar Truper T-45 8 1/2 #18453,4440,http://ferreteriasur.cl/tijera-podar-truper-t-45-8-1-2-18453.html
09740086,Alicate Pelacable Truper Pec-aut #17360,12270,http://ferreteriasur.cl/alicate-pelacable-truper-pec-aut-17360.html
09740085,Juego Sierra Copa Truper Kit-5 5pzs. #18081,2950,http://ferreteriasur.cl/juego-sierra-copa-truper-kit-5-5pzs-18081.html
09740084,Juego Sierra Copa Truper Kit-14 14pzs. #18083,9470,http://ferreteriasur.cl/juego-sierra-copa-truper-kit-14-14pzs-18083.html
09740083,Juego Sierra Copa Truper Kit-8 8pzs. #18082,8040,http://ferreteriasur.cl/juego-sierra-copa-truper-kit-8-8pzs-18082.html
09740080,Rastrillo Pretul 14 Dientes C/mango R-16m #25054,6400,http://ferreteriasur.cl/rastrillo-pretul-14-dientes-c-mango-r-16m-25054.html
09740079,Rastrillo Truper 16 Dientes C/mango R-16m #17880,10770,http://ferreteriasur.cl/rastrillo-truper-16-dientes-c-mango-r-16m-17880.html
09740078,Portaherramienta Truper 13 Bols. Poca-13 #11537,18830,http://ferreteriasur.cl/portaherramienta-truper-13-bols-poca-13-11537.html
09740077,Portaherramienta Truper 9 Bols. Poca-9 #11534,12630,http://ferreteriasur.cl/portaherramienta-truper-9-bols-poca-9-11534.html
09740071,"Nivel Truper  2 Agua Np-48, 48 #17040",15150,http://ferreteriasur.cl/nivel-truper-2-agua-np-48-48-17040.html
09740070,"Nivel Truper  2 Agua Np-36, 36 #17038",11690,http://ferreteriasur.cl/nivel-truper-2-agua-np-36-36-17038.html
09740069,"Nivel Truper  2 Agua Np-24, 24 #17036",8510,http://ferreteriasur.cl/nivel-truper-2-agua-np-24-24-17036.html
09740068,"Nivel Truper  2 Agua Np-18, 18 #17034",6100,http://ferreteriasur.cl/nivel-truper-2-agua-np-18-18-17034.html
09740066,Martillo Truper M/madera 20 Oz 29mm Ma-20 #16753,5080,http://ferreteriasur.cl/martillo-truper-m-madera-20-oz-29mm-ma-20-16753.html
09740065,Martillo Truper Mango Tubular 27mm Sj-16 #16700,7050,http://ferreteriasur.cl/martillo-truper-mango-tubular-27mm-sj-16-16700.html
09740064,Martillo Truper Mango Fibra 16 Oz. Ma-16f  #19710,7100,http://ferreteriasur.cl/martillo-truper-mango-fibra-16-oz-ma-16f-19710.html
05610007,"Escalerilla 4.2mm X 8.5cn X 5,00 Mts",1500,http://ferreteriasur.cl/escalerilla-4-2mm-x-8-5cn-x-5-00-mts.html
01400078,Disco Desbaste Dewalt Dw44580 180 X 6 Mm,2460,http://ferreteriasur.cl/disco-desbaste-dewalt-dw44580-180-x-6-mm.html
01400077,Disco Corte Metal Dewalt Dw44630  3/32 X 14,4820,http://ferreteriasur.cl/disco-corte-metal-dewalt-dw44630-3-32-x-14.html
01400076,Disco Corte Metal Dewalt Dw44600 1/8 X 9,2260,http://ferreteriasur.cl/disco-corte-metal-dewalt-dw44600-1-8-x-9.html
01400069,"Disco Lija Traslapado De Walt Dw8309-ar 4,5 Gr80",2270,http://ferreteriasur.cl/disco-lija-traslapado-de-walt-dw8309-ar-4-5-gr80.html
01400068,"Disco Lija Traslapado Dewalt Dw8308-ar 4,5 Gr60",2270,http://ferreteriasur.cl/disco-lija-traslapado-dewalt-dw8308-ar-4-5-gr60.html
01400067,"Disco Lija Traslapado Dewalt Dw8307-ar 4,5 Gr40",2270,http://ferreteriasur.cl/disco-lija-traslapado-dewalt-dw8307-ar-4-5-gr40.html
01400066,Disco Desbaste Dewalt Dw44540 115 X 6 Mm,1950,http://ferreteriasur.cl/disco-desbaste-dewalt-dw44540-115-x-6-mm.html
01400065,Disco Corte Inoxidable Dewalt Dw44560 7 X 3.2mm,1590,http://ferreteriasur.cl/disco-corte-inoxidable-dewalt-dw44560-7-x-3-2mm.html
01400063,"Disco Corte Inoxidable Dewalt Dw44530 4,5 X 3 Mm",750,http://ferreteriasur.cl/disco-corte-inoxidable-dewalt-dw44530-4-5-x-3-mm.html
01400062,"Disco Corte Inoxidable Dewalt Dw44618 4,5 X 1 Mm",600,http://ferreteriasur.cl/disco-corte-inoxidable-dewalt-dw44618-4-5-x-1-mm.html
01400055,Broca  De Walt Diantada Porcelanato 6 Mm Dt6038,12900,http://ferreteriasur.cl/broca-de-walt-diantada-porcelanato-6-mm-dt6038.html
04120023,Escobilla Acero Faesin 11055 # 4-c 3x16,2600,http://ferreteriasur.cl/escobilla-acero-faesin-11055-4-c-3x16.html
04120003,Escobilla Acero Hela Crespa # 1ao,4880,http://ferreteriasur.cl/escobilla-acero-hela-crespa-1ao.html
01660026,Adaptador Pvc Excentrico 110 Mm,5830,http://ferreteriasur.cl/adaptador-pvc-excentrico-110-mm.html
01660016,Adaptador Magnetico P/tornillo Autop. 1/4 X 3/8,1600,http://ferreteriasur.cl/adaptador-magnetico-p-tornillo-autop-1-4-x-3-8.html
01570007,Aceite Impregnante Segunda Env. 5 Lts.,9460,http://ferreteriasur.cl/aceite-impregnante-segunda-env-5-lts.html
01570006,Aceite Impregnante Segunda Env. Lt,2150,http://ferreteriasur.cl/aceite-impregnante-segunda-env-lt.html
01560002,Aceite P/cadena Lubetrack Iso 68 5 Lt.,7520,http://ferreteriasur.cl/aceite-p-cadena-lubetrack-iso-68-5-lt.html
09460046,Tijera Hojalatera 10 Ks-00659 / Tjl-210 Uyustools,4900,http://ferreteriasur.cl/tijera-hojalatera-10-ks-00659-tjl-210-uyustools.html
09460044,Tijera Corta Tubo De Pvc 1 5/8  Truper 12860,6030,http://ferreteriasur.cl/tijera-corta-tubo-de-pvc-1-5-8-truper-12860.html
09460040,Tijera Podar 8 # Tjp408 Uyustools,4860,http://ferreteriasur.cl/tijera-podar-8-tjp408-uyustools.html
09460035,Tijera 3 Claveles P/podar 25cm.(10),12870,http://ferreteriasur.cl/tijera-3-claveles-p-podar-25cm-10.html
09460034,Tijera 3 Claveles P/podar 23cm.(9),13140,http://ferreteriasur.cl/tijera-3-claveles-p-podar-23cm-9.html
09460030,Tijera P/podar P-126-22 Bahco,18380,http://ferreteriasur.cl/tijera-p-podar-p-126-22-bahco.html
09460020,Tijera P/cort. Pasto Ta-19e (te-19w) Truper 18390,12120,http://ferreteriasur.cl/tijera-p-cort-pasto-ta-19e-te-19w-truper-18390.html
09460019,Tijera  P/ Cortar Pasto T-17  10 Truper,8010,http://ferreteriasur.cl/tijera-p-cortar-pasto-t-17-10-truper.html
09460005,Tijera 12 Hojalatera Ks-00660-tjl212 Uyustools,7980,http://ferreteriasur.cl/tijera-12-hojalatera-ks-00660-tjl212-uyustools.html
07360016,Pala Plasmet Punta Huevo Mango Metalico,7300,http://ferreteriasur.cl/pala-plasmet-punta-huevo-mango-metalico.html
07360015,Pala Plasmet Punta Huevo,5740,http://ferreteriasur.cl/pala-plasmet-punta-huevo.html
07360011,Pala Redonda Pry-p Truper   # 17160,10110,http://ferreteriasur.cl/pala-redonda-pry-p-truper-17160.html
07360009,Pala Basurera C/mango,1530,http://ferreteriasur.cl/pala-basurera-c-mango.html
07360008,Pala Recta S/mango Truper Pazac-4 #19664,5790,http://ferreteriasur.cl/pala-recta-s-mango-truper-pazac-4-19664.html
07360007,Pala Lioi Punta Huevo C/ Pestana,5300,http://ferreteriasur.cl/pala-lioi-punta-huevo-c-pestana.html
07360006,Pala Plasmet Jardinera C/mango,6100,http://ferreteriasur.cl/pala-plasmet-jardinera-c-mango.html
05230017,Espatula York 16 Cm,3640,http://ferreteriasur.cl/espatula-york-16-cm.html
05230016,Espatula York 14 Cm,3380,http://ferreteriasur.cl/espatula-york-14-cm.html
05230015,Espatula York 12 Cm.,2920,http://ferreteriasur.cl/espatula-york-12-cm.html
05230014,Espatula York 10 Cm.,2560,http://ferreteriasur.cl/espatula-york-10-cm.html
05230013,Espatula York 8 Cm.,2420,http://ferreteriasur.cl/espatula-york-8-cm.html
05230011,Espatula York 6 Cm.,2010,http://ferreteriasur.cl/espatula-york-6-cm.html
05230010,Espatula York 5 Cm.,1920,http://ferreteriasur.cl/espatula-york-5-cm.html
04940042,Disco Corte Diamantado Ddu230 230mm Uyustools,12170,http://ferreteriasur.cl/disco-corte-diamantado-ddu230-230mm-uyustools.html
04940041,Disco Corte Diamantado Ddu180 180mm Uyustools,5910,http://ferreteriasur.cl/disco-corte-diamantado-ddu180-180mm-uyustools.html
04940040,Disco Corte Diamantado Ddu115 115mm Uyustools,1650,http://ferreteriasur.cl/disco-corte-diamantado-ddu115-115mm-uyustools.html
09740053,Llana Lisa Truper Llm-6l #15406,4230,http://ferreteriasur.cl/llana-lisa-truper-llm-6l-15406.html
09740049,Llave Ajustable Truper C/mango Pet-10x 10 #15511,6110,http://ferreteriasur.cl/llave-ajustable-truper-c-mango-pet-10x-10-15511.html
09740043,Juego Atornillador Truper  Dtj-5b 5 Pzs#14138,7320,http://ferreteriasur.cl/juego-atornillador-truper-dtj-5b-5-pzs-14138.html
09740034,Escuadra Albanil Truper 16 X 24  #14384,7250,http://ferreteriasur.cl/escuadra-albanil-truper-16-x-24-14384.html
09740032,Escuadra Carpintera Truper 12 Ec-12 #14376,4250,http://ferreteriasur.cl/escuadra-carpintera-truper-12-ec-12-14376.html
09740031,Escuadra Carpintera Truper 10 Ec-10 #14374,4130,http://ferreteriasur.cl/escuadra-carpintera-truper-10-ec-10-14374.html
09740030,Escuadra Carpintera Truper 8 Ec-8 #14372,3500,http://ferreteriasur.cl/escuadra-carpintera-truper-8-ec-8-14372.html
09740014,Caiman Truper Curvo Aislado 10 Ppt-10cx #17436,7160,http://ferreteriasur.cl/caiman-truper-curvo-aislado-10-ppt-10cx-17436.html
09740013,Caiman Truper Curvo 10 Ppt-10c #17423,5750,http://ferreteriasur.cl/caiman-truper-curvo-10-ppt-10c-17423.html
09740009,Alicate Corte Truper 1000v.6 T-202-6x #17331,4660,http://ferreteriasur.cl/alicate-corte-truper-1000v-6-t-202-6x-17331.html
09740006,Alicate Universal Truper 1000v.8 T-201-8x #17330,6580,http://ferreteriasur.cl/alicate-universal-truper-1000v-8-t-201-8x-17330.html
09740005,Alicate Universal Truper 1000 V. T-201-7x # 17329,5840,http://ferreteriasur.cl/alicate-universal-truper-1000-v-t-201-7x-17329.html
05180015,Display Escuadra Silla 4  X 4 Pzas.,2240,http://ferreteriasur.cl/display-escuadra-silla-4-x-4-pzas.html
05180013,Display Escuadra Silla 3 X 4 Pzas.,1820,http://ferreteriasur.cl/display-escuadra-silla-3-x-4-pzas.html
05180012,Display Escuadra Silla 2 1/2 X 4 Pzas.,1690,http://ferreteriasur.cl/display-escuadra-silla-2-1-2-x-4-pzas.html
05180011,Display Escuadra Silla 2 X 4 Pzas.,1320,http://ferreteriasur.cl/display-escuadra-silla-2-x-4-pzas.html
05180010,Display Escuadra Silla 1 1/2 X 4 Pzas.,1040,http://ferreteriasur.cl/display-escuadra-silla-1-1-2-x-4-pzas.html
05160016,Escuadra Carpintera Combi. Ect-12truper 14380,5670,http://ferreteriasur.cl/escuadra-carpintera-combi-ect-12truper-14380.html
05160015,Escuadra 7 Carpint Triangular Ect007 Uyustools,5220,http://ferreteriasur.cl/escuadra-7-carpint-triangular-ect007-uyustools.html
05150002,Escuadra Albanil China 600 X 400 Mm  Ect024,8060,http://ferreteriasur.cl/escuadra-albanil-china-600-x-400-mm-ect024.html
05140005,Escuadra Estante 10 X 12  Pga010,850,http://ferreteriasur.cl/escuadra-estante-10-x-12-pga010.html
05590027,Formon Truper  Ft1  1 14633,3240,http://ferreteriasur.cl/formon-truper-ft1-1-14633.html
05590026,Formon Truper  Ft3/4  3/4 14627,2910,http://ferreteriasur.cl/formon-truper-ft3-4-3-4-14627.html
05590024,Formon Truper 1/2,2850,http://ferreteriasur.cl/formon-truper-1-2.html
03670008,Carretilla Compensada Uro 90 Lt C/rueda,34150,http://ferreteriasur.cl/carretilla-compensada-uro-90-lt-c-rueda.html
03670007,"Carretilla Concretera Uro 90lt,tolva 0,8mm Roja",30930,http://ferreteriasur.cl/carretilla-concretera-uro-90lt-tolva-0-8mm-roja.html
03670006,Carretilla Lioi China Concretera Gris 80 Lt,28380,http://ferreteriasur.cl/carretilla-lioi-china-concretera-gris-80-lt.html
03670005,Carretilla Nino Cat-kit-t # 10440 Truper,15490,http://ferreteriasur.cl/carretilla-nino-cat-kit-t-10440-truper.html
03670002,Carretilla Concretera Lioi,41840,http://ferreteriasur.cl/carretilla-concretera-lioi.html
03670001,Carretilla Compensada Lioi,43890,http://ferreteriasur.cl/carretilla-compensada-lioi.html
30000017,Einhell Inglet. Tel.c/banco Tc-sm 2531/1 U 4300817,166060,http://ferreteriasur.cl/einhell-inglet-tel-c-banco-tc-sm-2531-1-u-4300817.html
04050002,Chuzo 1 1/4 X 1.60 Mts,17380,http://ferreteriasur.cl/chuzo-1-1-4-x-1-60-mts.html
11290004,Aceite P/motor Fuera Borda Lubetrack Tcw3 1:50 Lt,3870,http://ferreteriasur.cl/aceite-p-motor-fuera-borda-lubetrack-tcw3-1-50-lt.html
11290001,Aceite Motor Futoroil Sae 30 1 Lt,1850,http://ferreteriasur.cl/aceite-motor-futoroil-sae-30-1-lt.html
07890095,Martillo Carpintero Mgo.fibra Irimo 20 Oz 520-63-2,7980,http://ferreteriasur.cl/martillo-carpintero-mgo-fibra-irimo-20-oz-520-63-2.html
07890086,Alicate Irimo Cortante 6 624-160-1,5960,http://ferreteriasur.cl/alicate-irimo-cortante-6-624-160-1.html
07890083,Alicate Irimo Universal 7 601-180-1,5740,http://ferreteriasur.cl/alicate-irimo-universal-7-601-180-1.html
07890082,Alicate Irimo Universal 8 601-200-1,6050,http://ferreteriasur.cl/alicate-irimo-universal-8-601-200-1.html
16220211,Einhell Pistola Pintar Elec. 500w4260011,37900,http://ferreteriasur.cl/einhell-pistola-pintar-elec-500w4260011.html
09670005,Llave Angular C/flexible 1/2 He X 7/8 Hi,3900,http://ferreteriasur.cl/llave-angular-c-flexible-1-2-he-x-7-8-hi.html
